policy,modulus_profile,d,rank,coeff_linf_bound,max_width,scalar_n,search_cap,hit_cap,profile,target_bits,max_adps16_quantum_rop_log2,next_adps16_quantum_rop_log2,max_beta,max_zeta,next_beta,next_zeta,cutoff_kind
Quantum169BitADPS16,q32,64,1,15,5,64,8,false,local-minimum+proven-pruned-certification,169.0,368.5992744660214,139.01368295593355,320,0,384,0,Exact
Quantum169BitADPS16,q32,64,2,15,8,128,8,true,local-minimum+proven-pruned-certification,169.0,1362.8819339075005,,512,0,,,AtLeast
Quantum169BitADPS16,q32,64,3,15,8,192,8,true,local-minimum+proven-pruned-certification,169.0,3405.581526612076,,512,0,,,AtLeast
Quantum169BitADPS16,q32,64,1,255,3,64,8,false,local-minimum+proven-pruned-certification,169.0,254.08339317986565,34.980000000000004,192,0,132,0,Exact
Quantum169BitADPS16,q32,64,2,255,6,128,8,false,local-minimum+proven-pruned-certification,169.0,502.24996882889616,113.685,384,0,429,0,Exact
Quantum169BitADPS16,q32,64,3,255,8,192,8,true,local-minimum+proven-pruned-certification,169.0,1318.784661910677,,512,0,,,AtLeast
Quantum169BitADPS16,q64,64,1,15,8,64,8,true,local-minimum+proven-pruned-certification,169.0,1362.8819381029214,,512,0,,,AtLeast
Quantum169BitADPS16,q64,64,2,15,8,128,8,true,local-minimum+proven-pruned-certification,169.0,5453.5607683645085,,512,0,,,AtLeast
Quantum169BitADPS16,q64,64,3,15,8,192,8,true,local-minimum+proven-pruned-certification,169.0,9549.560686934892,,512,0,,,AtLeast
Quantum169BitADPS16,q64,64,1,255,6,64,8,false,local-minimum+proven-pruned-certification,169.0,502.24997266421923,113.685,384,0,429,0,Exact
Quantum169BitADPS16,q64,64,2,255,8,128,8,true,local-minimum+proven-pruned-certification,169.0,3360.8032454299496,,512,0,,,AtLeast
Quantum169BitADPS16,q64,64,3,255,8,192,8,true,local-minimum+proven-pruned-certification,169.0,7456.779712572574,,512,0,,,AtLeast
Quantum169BitADPS16,q128,64,1,15,8,64,8,true,local-minimum+proven-pruned-certification,169.0,5453.5607683645085,,512,0,,,AtLeast
Quantum169BitADPS16,q128,64,2,15,8,128,8,true,local-minimum+proven-pruned-certification,169.0,above-target:13645.560686933673,,512,0,,,AtLeast
Quantum169BitADPS16,q128,64,3,15,8,192,8,true,local-minimum+proven-pruned-certification,169.0,above-target:21837.560686933673,,512,0,,,AtLeast
Quantum169BitADPS16,q128,64,1,255,8,64,8,true,local-minimum+proven-pruned-certification,169.0,3360.8032454299496,,512,0,,,AtLeast
Quantum169BitADPS16,q128,64,2,255,8,128,8,true,local-minimum+proven-pruned-certification,169.0,above-target:11552.7797122135,,512,0,,,AtLeast
Quantum169BitADPS16,q128,64,3,255,8,192,8,true,local-minimum+proven-pruned-certification,169.0,above-target:19744.779712213498,,512,0,,,AtLeast
