log2_arg,log2_erf
-10000.0,-9999.82574806473615939902163964755400366750923846338152076470
-1000.0,-999.825748064736159399021639647554003667509238463381520764703
-40.0,-39.8257480647361593990216400453437928840919249156891855539354
-20.000000000000004,-19.8257480647366003262339725896235715582709747539857189560197
-20.0,-19.8257480647365967735202937912767583811726186867783772420640
-19.999999999999996,-19.8257480647365932208066149929299452040742732288235750621785
-19.875,-19.7007480647366795278873598913844918951807550240598946316695
-19.75,-19.5757480647367779399694724395448253935286326158645915854306
-19.625,-19.4507480647368949723177229068429191649993356772754393300992
-19.5,-19.3257480647370341480189478289222359704323257079452125465058
-19.375,-19.2007480647371996567530799851990561539162460693893716137115
-19.25,-19.0757480647373964809173050193810928707559039701764603784240
-19.125,-18.9507480647376305456138058660999867246429848123826060641506
-19.0,-18.8257480647379088970162555859813597758142262171303220490871
-18.875,-18.7007480647382399144845197227804127647027736014825003986916
-18.75,-18.5757480647386335628129695425899650790419848565250203750243
-18.625,-18.4507480647391016922059708845185780307405946288427075365575
-18.5,-18.3257480647396583950108698271722818945425156176971878951718
-18.375,-18.2007480647403204299473973977520383604033643437722643398225
-18.25,-18.0757480647411077266042960431530585123956453457919269831975
-18.125,-17.9507480647420439853902973209735853926246509249911420185682
-18.0,-17.8257480647431573910000932178448241679733880659502527643753
-17.875,-17.7007480647444814608731455469309390552375198397115057760362
-17.75,-17.5757480647460560541869388608606414578717292359913251767500
-17.625,-17.4507480647479285717589357923548991347288339962071387655678
-17.5,-17.3257480647501553829785196323527008916630284976855326663551
-17.375,-17.2007480647528035227246130422313385140203772687740493157859
-17.25,-17.0757480647559527093521837626013917570410930265033734059141
-17.125,-16.9507480647596977444961551290027228489272726630840640544163
-17.0,-16.8257480647641513669352909940196233097996590775248479469365
-16.875,-16.7007480647694476464274328206025301511054810124722610343390
-16.75,-16.5757480647757460196825106313852307333857595613382334136153
-16.625,-16.4507480647832360899703633778391564504507649762659285454436
-16.5,-16.3257480647921433348485078479581461366684597292975818538994
-16.375,-16.2007480648027358938326115284264878478428691828599245066392
-16.25,-16.0757480648153326403425126301622681591960878451204285162079
-16.125,-15.9507480648303127809178581776751783713348087575427499307917
-16.0,-15.8257480648481272706736380782539206133173443822016003161474
-15.875,-15.7007480648693123886411255484007292875033701172491149098603
-15.75,-15.5757480648945058816599096725538285920786419322080291235240
-15.625,-15.4507480649244661628091609859999212870959297815929420998542
-15.5,-15.3257480649600951423186846285205197424932560217727093208164
-15.375,-15.2007480650024653782507800056547431989032970306177183379936
-15.25,-15.0757480650528523642842759366872732931146970429496357033901
-15.125,-14.9507480651127729265770194372608450357487275182071262155106
-15.0,-14.8257480651840308855879220877549977782218143421464927937501
-14.875,-14.7007480652687713574405945893867099287072528278905928785448
-14.75,-14.5757480653695453294912971823585101180578267406801970841397
-14.625,-14.4507480654893864540537476782335771708446742100978562190552
-14.5,-14.3257480656319023720429744410377055501007042460270192850159
-14.375,-14.2007480658013833157022464337609172458418015395216923066031
-14.25,-14.0757480660029312597384945433427901137320476760722638842149
-14.125,-13.9507480662426135087712495140236437463550597755587156164977
-14.0,-13.8257480665276453446193888869271886228883610723120793826453
-13.875,-13.7007480668666072317536408302665731463475196713279341306792
-13.75,-13.5757480672697031195655087440739087227598815073970087430431
-13.625,-13.4507480677490676172624346013106961520994515319161615410014
-13.5,-13.3257480683191312884374567365549107037113614116577344992401
-13.375,-13.2007480689970550619687924552360167021178304597109887845003
-13.25,-13.0757480698032468365500150621490462892971109554746841997580
-13.125,-12.9507480707619758304695304413405582531671878066902196371815
-13.0,-12.8257480719021031707345482716252651655480478731539242089464
-12.875,-12.7007480732579507148485470404407643635421039124945596121375
-12.75,-12.5757480748703342598409393772522498631078090049335328360268
-12.625,-12.4507480767877922417826248042479538284903143254259671147719
-12.5,-12.3257480790680469139725547203847078623758376698054123534099
-12.375,-12.2007480817797419904058616113803703302948109279397752012864
-12.25,-12.0757480850045090637104348232809875433227413458004034390568
-12.125,-11.9507480888394250040044244296505689811992107189938836944584
-12.0,-11.8257480933999343150238614152512705084570358799655132514711
-11.875,-11.7007480988233244207117128311133755557223918643430558830389
-11.75,-11.5757481052728585006000137787127255140135594356586503526872
-11.625,-11.4507481129426902868304686243842160147600448572112964908104
-11.5,-11.3257481220637087754276522573570673795777866246211813571150
-11.375,-11.2007481329104887980883073878614154862944389775455782693049
-11.25,-11.0757481458095566909815303437528768987002140352349858423669
-11.125,-10.9507481611492198860123475541823450799240651541665983448253
-11.0,-10.8257481793912563294399618549154526443534209208607325624165
-10.875,-10.7007482010848156199010954174212730678220206467506339600237
-10.75,-10.5757482268829503381540492959785000699228617714373195993014
-10.625,-10.4507482575622752184953536920425251071652574176278828248063
-10.5,-10.3257482940463459702836375342747053593807341032786636033960
-10.375,-10.2007483374334615317653107162943264074575554005995121240044
-10.25,-10.0757483890297266981374401325458748133322255094554930351343
-10.125,-9.95074845038837041993904801639502351321130911416650820946040
-10.0,-9.82574852335650338324837347690925933859508429176269308773569
-9.875,-9.70074861013072242845024687724678622494103987105760297302142
-9.75,-9.57574871332323568066091068283827635381671225970606198016811
-9.625,-9.45074883604049896874267634506890794606759149604924189083517
-9.5,-9.32574898197673073429665287506897592189997282332837122402347
-9.375,-9.20074915552512051366173028883603324637268119853146866104570
-9.25,-9.07574936191007869596082448822861666847289565036702718342887
-9.125,-8.95074960734450865005898361907454067343280640681054629823391
-9.0,-8.82574989921683553694259516728143077898039763249304491265158
-8.875,-8.70075024631342185157585221866168105340433927990114838779598
-8.75,-8.57575065908306492778228059370788671784514916403052537259471
-8.625,-8.45075114995153834788053602012968355531734880949492661420661
-8.5,-8.32575173369564554502524171423071276718171591349644708061180
-8.375,-8.20075242788804519836640333679494605558805337194942839048108
-8.25,-8.07575325342623819798960988450014104798801566054731514973226
-8.125,-7.95075423516163908710127872016726534641118723558435539271827
-8.0,-7.82575540264766717709941327874212947304473297764199076251132
-7.875,-7.70075679102937458377824283991193504927179431189184094134961
-7.75,-7.57575844210138797808518874924206056665769313421920118866087
-7.625,-7.45076040556600596242846190887715100109122296802053041085451
-7.5,-7.32576274052931694285002387591405243885404979905882156749216
-7.375,-7.20076551728036418577715401948874630528385027172994198432814
-7.25,-7.07576881940690060438647780565532021907893282972053464404902
-7.125,-6.95077274631140148122765798034582431183279811545105143709643
-7.0,-6.82577741620304278449608154871989417693947087729054150956146
-6.875,-6.70078296965566722529764574125590176771283525211749622945070
-6.75,-6.57578957383877898052813437918308670964355363082350567554157
-6.625,-6.45079742754884103623558030607410311934627092990925506552139
-6.5,-6.32580676719220213828148158246411233809352157884828456905490
-6.375,-6.20081787389957273305884324056599180083078953527763049584848
-6.25,-6.07583108198595509986740766069948877634272888224361005455158
-6.125,-5.95084678901032577475367566405160106145184838326762982274985
-6.0,-5.82586546773737096758179992446361534856828670364659226890531
-5.875,-5.70088768036061415738810665351826715637503602658509534215615
-5.75,-5.57591409541403979174635787264369481594138657535936642626161
-5.625,-5.45094550787981024027058534892329493003053513785686456831921
-5.5,-5.32598286309526463826863880193709421136095370671460731918623
-5.375,-5.20102728517588020691577268722426788030474903767332448112285
-5.25,-5.07608011080557889658404439146040737437884226097272346889947
-5.125,-4.95114292940557897792884803782376619346117728395390412771633
-5.0,-4.82621763088252034317952230953724387981377596036527540240026
-4.875,-4.70130646238123786225594407338967163035494592635688823509144
-4.75,-4.57641209573365571210682775830376031289955344029804221895409
-4.625,-4.45153770761023541184963546274643076145759035878329101516229
-4.5,-4.32668707475286154941118678736791808330029079307837509745248
-4.375,-4.20186468710800106135304041291520960512401116435206323077759
-4.25,-4.07707588219796881888569792751618153330249764402555138482054
-4.125,-3.95232700467939652761632239991164451719200176392083936133174
-4.0,-3.82762559575654299040279702635296699932632579716116630631005
-3.875,-3.70298061795974250878785184915098956534242594437637304312075
-3.75,-3.57840272178466968468148188772070487971425933507731089425076
-3.625,-3.45390456183632360549564241075050321302657388815830814333081
-3.5,-3.32950117145380555036649686702457346757242484121612090256889
-3.375,-3.20521040632920255882292177463763042833775035661198262848885
-3.25,-3.08105346939572046588189596708127178203831727511368442104919
-3.125,-2.95705553126200121098922807335983056765831662550701943757440
-3.0,-2.83324646271856762980783425150894514821196417777082041583927
-2.875,-2.70966169833176568347936825396200982546008465237979001323160
-2.75,-2.58634325284076991038707067305321540138083370580388785139275
-2.625,-2.46334091491886174884141583996121485444527593846372644213586
-2.5,-2.34071364573182462483753162706299412214217120595984129226927
-2.375,-2.21853121242403366807843084964527755291803240574822351525177
-2.25,-2.09687608886928414908636574546114745487626001257117233415150
-2.125,-1.97584565725216266046167913665663804772011374439857453175055
-2.0,-1.85555474357035269694621722186044746928760954420029139200476
-1.875,-1.73613851690605976932669005623246352085919019365935781739196
-1.75,-1.61775577477918075833491716808413101369703414900259600484810
-1.625,-1.50059262290984171269125481733254471485111997131694469012467
-1.5,-1.38486653429098968459727496187063106217972829103764562207374
-1.375,-1.27083073552977930021026161084790894466026261033533729425508
-1.25,-1.15877881254545047235844802703946057424867401117661624135774
-1.125,-1.04904934593480323863290333086068793328219862397442168597926
-1.0,-0.942030270034202158356798764322324541985242669651972245963942
-0.875,-0.838162489033895923835654752186653019690903752431093025380254
-0.75,-0.737942068446036550045737529712602022192844904529113627181549
-0.625,-0.641920043491088636540207836218328408103879944650810075254447
-0.5,-0.550698548602282423022275491806679484200504554960238742686087
-0.375,-0.464921594073173371925283200262958999252782343842885189960709
-0.25,-0.385258453008042848289199597986052624814676623872900817109022
-0.2451124978365315,-0.382277120212349379538245773636066846476180867956815644017716
-0.24511249783653147,-0.382277120212349362637120744183619244834182020352314160963995
-0.24511249783653144,-0.382277120212349345735995714731171978998420303571778913080834
-0.125,-0.312377393289731981703881357938340554402548080427699695775380
-5e-324,-0.246907612179546337260543115906687182882881025796555963855185
0.0,-0.246907612179546337260543115906687182882881025796555963855185
5e-324,-0.246907612179546337260543115906687182882881025796555963855185
0.125,-0.189388052594311854731797146673671712455559989175001239131520
0.25,-0.140203775511258093380502984029161525202543004870280335214311
0.3219280948873623,-0.115753559979379084909676326618474990494432103571568309535048
0.32192809488736235,-0.115753559979379067126658159795324478069821560259995116060128
0.3219280948873624,-0.115753559979379049343639992972175638862186656113677226574555
0.375,-0.0995142298110381971423359443726598441856740515043257815965927
0.5,-0.0671832961287834886800703323288803275220696269268617387241138
0.625,-0.0427276421747069211107909818496307520128263969250959783178933
0.75,-0.0253051819124568929650691899646473752133795225091738643573470
0.875,-0.0137645749642657593563374527158178823989429732451758598038387
1.0,-0.00676437840783129854192646504814953008215589071179481851364941
1.125,-0.00294535682857390987448147685603635455596291813231338168165515
1.25,-0.00111039285022009673116759380088073262506795569584459431272360
1.375,-0.000352695088168342900754938043852321914404208673892435627724524
1.5,-0.0000913867814262859617615086263307250388753784559746530203054158
1.514573172829758,-0.0000769154575468913321170400551014785214247051127704301363695543
1.5145731728297582,-0.0000769154575468911281362274625494231358200339464770077969395553
1.5145731728297585,-0.0000769154575468909241554148699978489494092970451908846451500961
1.625,-0.0000185907813580902194917375733675542466570559253944284613846826
1.75,-0.00000283718006319227416400504815808991351635073971941702080907577
1.875,-3.07724289388366008315486246465259387204522538840172162988916e-7
2.0,-2.22424016882985979399282793870258672581489919327616154400160e-8
2.125,-9.92449510048078702442689490251321875135750350541316959011585e-10
2.25,-2.49576168147457515801091419317916726369795078312462652721560e-11
2.375,-3.17420130698244995067391196643208466225871154854373136206913e-13
2.5,-1.79498979401353329187680849879965364612268933076834286892237e-15
2.625,-3.87214096793042825368715556312898475501522799668992563362810e-18
2.75,-2.65564451843287231545781114326275376210200656333542610437073e-21
2.875,-4.66236303712173160317730591577786189155463136263978884842173e-25
3.0,-1.61932378689264803630666288056230977020358348652895916199987e-29
