family	logical_key	lookup_key_digest	setup_fields	first_direct_setup_capacity	proof_bytes	fold_levels	row_digest	policy
fp128_onehot	final=12:1;precommitted=	7cea46be72a904b2bacfbccb7a070499ba20889044145649c3db3f45a73dc084	65536	65536	71604	3	c0b7844fa6760bfe2bf27cbf0a6aba6df248df0a7c8493e229bfd35c88d82cbf	L0[chunks=1@0,eor=0,in=4096,out=122176;witness=ET,s=-,h=-,partial=-,quotient=-,src=legacy,dA=64,sec=Linf]/L1[chunks=1@0,eor=0,in=122176,out=120512;witness=ET,s=-,h=-,partial=-,quotient=-,src=legacy,dA=64,sec=Linf]/T[method=ET,src=legacy,eor=0,input=120512,dA=64,sec=Linf]
fp128_onehot	final=14:1;precommitted=	235fdc37cb4e83e243a17cafde8597967ef2316443a2656dee73a57dc55cac8e	65536	32768	71604	3	2d0dae31333a08ad29310ae156015ba92a9e62c3ecec85c77691e759078df4b1	L0[chunks=1@0,eor=0,in=16384,out=124288;witness=ET,s=-,h=-,partial=-,quotient=-,src=legacy,dA=256,sec=Linf]/L1[chunks=1@0,eor=0,in=124288,out=120512;witness=ET,s=-,h=-,partial=-,quotient=-,src=legacy,dA=64,sec=Linf]/T[method=ET,src=legacy,eor=0,input=120512,dA=64,sec=Linf]
fp128_onehot	final=14:2;precommitted=	8a40a8595c14901ece876c6c020dbcdba59bed81270cf9431da74003d3a138aa	65536	32768	71716	3	82ccf1b8ed84a217d92143887c209acbdc192bd5d0ed9d58355bcacb976d552c	L0[chunks=1@0,eor=0,in=16384,out=137984;witness=ET,s=-,h=-,partial=-,quotient=-,src=legacy,dA=128,sec=Linf]/L1[chunks=1@0,eor=0,in=137984,out=127552;witness=ET,s=-,h=-,partial=-,quotient=-,src=legacy,dA=64,sec=Linf]/T[method=ET,src=legacy,eor=0,input=127552,dA=64,sec=Linf]
fp128_onehot	final=15:1;precommitted=	fe784ff5321ce50dc781655bbe7fc9a71f08d9527d5445702d0e8e2a2d41fc87	65536	32768	71604	3	3434da56a95a9fccb296c0be40e3e8453e9984d8811165bf34a3271bc2cd1072	L0[chunks=1@0,eor=0,in=32768,out=121472;witness=ET,s=-,h=-,partial=-,quotient=-,src=legacy,dA=256,sec=Linf]/L1[chunks=1@0,eor=0,in=121472,out=120512;witness=ET,s=-,h=-,partial=-,quotient=-,src=legacy,dA=64,sec=Linf]/T[method=ET,src=legacy,eor=0,input=120512,dA=64,sec=Linf]
fp128_onehot	final=15:4;precommitted=	68fb5e2e5571f333ccc18953a6f62b93350179816ef43b814506341ba44a8ef1	65536	65536	72584	4	5768593f08ff7fb818eb64a8567ec84b5d8b67327b518d879400e84a0cbb2103	L0[chunks=1@0,eor=0,in=32768,out=170880;witness=ET,s=-,h=-,partial=-,quotient=-,src=legacy,dA=64,sec=Linf]/L1[chunks=1@0,eor=0,in=170880,out=141632;witness=ET,s=-,h=-,partial=-,quotient=-,src=legacy,dA=64,sec=Linf]/L2[chunks=1@0,eor=0,in=141632,out=105984;witness=ET,s=-,h=-,partial=-,quotient=-,src=legacy,dA=64,sec=Linf]/T[method=ET,src=legacy,eor=0,input=105984,dA=64,sec=Linf]
fp128_onehot	final=16:1;precommitted=	619d5acd56307a5aff5911635e36969a167028482b33cc55f9f90598a55554be	65536	32768	71604	3	3273a7dc1f50eb9ed1fff99b14ff607109be4be76cfbc0c8da71d9430c7aa3c3	L0[chunks=1@0,eor=0,in=65536,out=126912;witness=ET,s=-,h=-,partial=-,quotient=-,src=legacy,dA=256,sec=Linf]/L1[chunks=1@0,eor=0,in=126912,out=120512;witness=ET,s=-,h=-,partial=-,quotient=-,src=legacy,dA=64,sec=Linf]/T[method=ET,src=legacy,eor=0,input=120512,dA=64,sec=Linf]
fp128_onehot	final=16:1;precommitted=14:1	fd5b43a5a4fa07141c25e09fb0595b4813bf504f3666276b7fc4d711ce6a7cbe	65536	65536	71912	4	cb9ece0b0f1a82892123a8adf28ebfda41f96f3bf0a92db60a503241e7922bd0	L0[chunks=1@0,eor=0,in=65536,out=193280;witness=ET,s=-,h=-,partial=-,quotient=-,src=legacy,dA=128,sec=Linf]/L1[chunks=1@0,eor=0,in=193280,out=160512;witness=ET,s=-,h=-,partial=-,quotient=-,src=legacy,dA=128,sec=Linf]/L2[chunks=1@0,eor=0,in=160512,out=113024;witness=ET,s=-,h=-,partial=-,quotient=-,src=legacy,dA=64,sec=Linf]/T[method=ET,src=legacy,eor=0,input=113024,dA=64,sec=Linf]
fp128_onehot	final=16:1;precommitted=14:1,15:2	df692d20a81ceabe0cdbfb009f1aa773d14277123c002374b74fe7251c32944a	203648	262144	79984	6	b029a417a4ce9ab0c17d40072881b6ac2e014698713ef3f4d50b2973ba0255f0	L0[chunks=1@0,eor=0,in=65536,out=1040128;witness=ET,s=-,h=-,partial=-,quotient=-,src=legacy,dA=64,sec=Linf]/L1[chunks=1@0,eor=0,in=1040128,out=375040;witness=ET,s=-,h=-,partial=-,quotient=-,src=legacy,dA=64,sec=Linf]/L2[chunks=1@0,eor=0,in=375040,out=253184;witness=ET,s=-,h=-,partial=-,quotient=-,src=legacy,dA=64,sec=Linf]/L3[chunks=1@0,eor=0,in=253184,out=198272;witness=ET,s=-,h=-,partial=-,quotient=-,src=legacy,dA=64,sec=L2]/L4[chunks=1@0,eor=0,in=198272,out=114432;witness=ET,s=-,h=-,partial=-,quotient=-,src=legacy,dA=64,sec=L2]/T[method=ET,src=legacy,eor=0,input=114432,dA=64,sec=Linf]
fp128_onehot	final=16:2;precommitted=	1d3119b577401489425a46a52a8368829ffee0287db544156fcb790c4c1190e1	65536	65536	71912	4	d882c57c3d58658a272717eca4d4a82cf42112e2a391c37551fc83f11330f3a0	L0[chunks=1@0,eor=0,in=65536,out=176192;witness=ET,s=-,h=-,partial=-,quotient=-,src=legacy,dA=128,sec=Linf]/L1[chunks=1@0,eor=0,in=176192,out=160512;witness=ET,s=-,h=-,partial=-,quotient=-,src=legacy,dA=128,sec=Linf]/L2[chunks=1@0,eor=0,in=160512,out=113024;witness=ET,s=-,h=-,partial=-,quotient=-,src=legacy,dA=64,sec=Linf]/T[method=ET,src=legacy,eor=0,input=113024,dA=64,sec=Linf]
fp128_onehot	final=18:1;precommitted=	0a64fd27f49046793d7d00ee8c2bda3757f24e60e86752300778d44cd119e709	65536	65536	76780	5	bd135690387bbe315ea1e8169e59ccf5254f46190ca62ab48459cdb88de1bead	L0[chunks=1@0,eor=0,in=262144,out=253184;witness=ET,s=-,h=-,partial=-,quotient=-,src=legacy,dA=128,sec=Linf]/L1[chunks=1@0,eor=0,in=253184,out=165952;witness=ET,s=-,h=-,partial=-,quotient=-,src=legacy,dA=128,sec=Linf]/L2[chunks=1@0,eor=0,in=165952,out=141632;witness=ET,s=-,h=-,partial=-,quotient=-,src=legacy,dA=64,sec=Linf]/L3[chunks=1@0,eor=0,in=141632,out=105984;witness=ET,s=-,h=-,partial=-,quotient=-,src=legacy,dA=64,sec=Linf]/T[method=ET,src=legacy,eor=0,input=105984,dA=64,sec=Linf]
fp128_onehot	final=20:1;precommitted=	7e615f063166da9e18d6e9eacc305f7128e85099f64b8b48278e935e02e876fe	131072	131072	75264	6	bf08100984a377276787864d54af0cc3fe4a90490e6f35c045a6125815a7a1ae	L0[chunks=1@0,eor=0,in=1048576,out=450816;witness=ET,s=-,h=-,partial=-,quotient=-,src=legacy,dA=128,sec=Linf]/L1[chunks=1@0,eor=0,in=450816,out=356800;witness=ET,s=-,h=-,partial=-,quotient=-,src=legacy,dA=128,sec=Linf]/L2[chunks=1@0,eor=0,in=356800,out=190464;witness=ET,s=-,h=-,partial=-,quotient=-,src=legacy,dA=64,sec=Linf]/L3[chunks=1@0,eor=0,in=190464,out=159872;witness=ET,s=-,h=-,partial=-,quotient=-,src=legacy,dA=64,sec=L2]/L4[chunks=1@0,eor=0,in=159872,out=97536;witness=ET,s=-,h=-,partial=-,quotient=-,src=legacy,dA=64,sec=L2]/T[method=ET,src=legacy,eor=0,input=97536,dA=64,sec=Linf]
fp128_onehot	final=20:1;precommitted=14:1	5b7c8ea7c48cf867066408cd3514bf1be0969397a302d7e0e904a95642bcfcc0	131072	131072	77168	6	47e2465f2de512854e34bc1e2c79309b8e5c60f403a570d0f4cd7e0fc3b33350	L0[chunks=1@0,eor=0,in=1048576,out=587776;witness=ET,s=-,h=-,partial=-,quotient=-,src=legacy,dA=256,sec=Linf]/L1[chunks=1@0,eor=0,in=587776,out=444864;witness=ET,s=-,h=-,partial=-,quotient=-,src=legacy,dA=256,sec=Linf]/L2[chunks=1@0,eor=0,in=444864,out=193664;witness=ET,s=-,h=-,partial=-,quotient=-,src=legacy,dA=64,sec=Linf]/L3[chunks=1@0,eor=0,in=193664,out=159872;witness=ET,s=-,h=-,partial=-,quotient=-,src=legacy,dA=64,sec=L2]/L4[chunks=1@0,eor=0,in=159872,out=97536;witness=ET,s=-,h=-,partial=-,quotient=-,src=legacy,dA=64,sec=L2]/T[method=ET,src=legacy,eor=0,input=97536,dA=64,sec=Linf]
fp128_onehot	final=20:1;precommitted=14:2	288137ab128e4e4c2d1347efe4c301fc0d3a190dbeda003cebcbaefaf807a4e5	131072	131072	77168	6	383b3d4d4b9122d6d29bef76447d87555b730dd40d212f3ec77e44b14552828f	L0[chunks=1@0,eor=0,in=1048576,out=612352;witness=ET,s=-,h=-,partial=-,quotient=-,src=legacy,dA=256,sec=Linf]/L1[chunks=1@0,eor=0,in=612352,out=406336;witness=ET,s=-,h=-,partial=-,quotient=-,src=legacy,dA=128,sec=Linf]/L2[chunks=1@0,eor=0,in=406336,out=185344;witness=ET,s=-,h=-,partial=-,quotient=-,src=legacy,dA=64,sec=Linf]/L3[chunks=1@0,eor=0,in=185344,out=159872;witness=ET,s=-,h=-,partial=-,quotient=-,src=legacy,dA=64,sec=L2]/L4[chunks=1@0,eor=0,in=159872,out=97536;witness=ET,s=-,h=-,partial=-,quotient=-,src=legacy,dA=64,sec=L2]/T[method=ET,src=legacy,eor=0,input=97536,dA=64,sec=Linf]
fp128_onehot	final=20:2;precommitted=	024daea0560fa394f9aaded7cdd706e307cff8e2828bed1c0d981aefbbbf6ef4	176128	262144	71552	6	9c79a04882d21006568c52e8e30726d08d2915ce4872b6dc980396aa1d558de4	L0[chunks=1@0,eor=0,in=1048576,out=664512;witness=ET,s=-,h=-,partial=-,quotient=-,src=legacy,dA=256,sec=Linf]/L1[chunks=1@0,eor=0,in=664512,out=488896;witness=ET,s=-,h=-,partial=-,quotient=-,src=legacy,dA=256,sec=Linf]/L2[chunks=1@0,eor=0,in=488896,out=321024;witness=ET,s=-,h=-,partial=-,quotient=-,src=legacy,dA=64,sec=Linf]/L3[chunks=1@0,eor=0,in=321024,out=259584;witness=ET,s=-,h=-,partial=-,quotient=-,src=legacy,dA=64,sec=Linf]/L4[chunks=1@0,eor=0,in=259584,out=128768;witness=ET,s=-,h=-,partial=-,quotient=-,src=legacy,dA=64,sec=L2]/T[method=ET,src=legacy,eor=0,input=128768,dA=64,sec=L2]
fp128_onehot	final=20:2;precommitted=14:1	217123141afb924f9c36e224846d2ab7fb0d77793df978cde6f61db5ce129a2f	198144	262144	71232	6	e5abfd3ffec615ceebe1470080714fb994238afddb0fe16304603cda2d4fddeb	L0[chunks=1@0,eor=0,in=1048576,out=763904;witness=ET,s=-,h=-,partial=-,quotient=-,src=legacy,dA=256,sec=Linf]/L1[chunks=1@0,eor=0,in=763904,out=450304;witness=ET,s=-,h=-,partial=-,quotient=-,src=legacy,dA=128,sec=Linf]/L2[chunks=1@0,eor=0,in=450304,out=406848;witness=ET,s=-,h=-,partial=-,quotient=-,src=legacy,dA=64,sec=Linf]/L3[chunks=1@0,eor=0,in=406848,out=239104;witness=ET,s=-,h=-,partial=-,quotient=-,src=legacy,dA=64,sec=L2]/L4[chunks=1@0,eor=0,in=239104,out=128768;witness=ET,s=-,h=-,partial=-,quotient=-,src=legacy,dA=64,sec=L2]/T[method=ET,src=legacy,eor=0,input=128768,dA=64,sec=L2]
fp128_onehot	final=20:4;precommitted=	1af5783e63010bd55e2ba781c36f9bea6db9cbe9fa4389d166ef22c347deb309	262144	262144	71232	6	1d76439993b505f43dbcb6de0e001f05836323b5036b5bc9f74e49e6edccfc3d	L0[chunks=1@0,eor=0,in=1048576,out=846080;witness=ET,s=-,h=-,partial=-,quotient=-,src=legacy,dA=128,sec=Linf]/L1[chunks=1@0,eor=0,in=846080,out=466816;witness=ET,s=-,h=-,partial=-,quotient=-,src=legacy,dA=128,sec=Linf]/L2[chunks=1@0,eor=0,in=466816,out=423360;witness=ET,s=-,h=-,partial=-,quotient=-,src=legacy,dA=64,sec=Linf]/L3[chunks=1@0,eor=0,in=423360,out=239104;witness=ET,s=-,h=-,partial=-,quotient=-,src=legacy,dA=64,sec=L2]/L4[chunks=1@0,eor=0,in=239104,out=128768;witness=ET,s=-,h=-,partial=-,quotient=-,src=legacy,dA=64,sec=L2]/T[method=ET,src=legacy,eor=0,input=128768,dA=64,sec=L2]
fp128_onehot	final=20:4;precommitted=14:1,14:1	2c8883f39842c12abd8160a8e3777c5c0f40546e81ba190be268b64a412ab55c	262144	262144	78300	5	9a87851723ac389edef5ce672c83281a2fd64db57ce7c9951c2a3784f8b2869d	L0[chunks=1@0,eor=0,in=1048576,out=1044480;witness=ET,s=-,h=-,partial=-,quotient=-,src=legacy,dA=128,sec=Linf]/L1[chunks=1@0,eor=0,in=1044480,out=297600;witness=ET,s=-,h=-,partial=-,quotient=-,src=legacy,dA=64,sec=Linf]/L2[chunks=1@0,eor=0,in=297600,out=161280;witness=ET,s=-,h=-,partial=-,quotient=-,src=legacy,dA=64,sec=Linf]/L3[chunks=1@0,eor=0,in=161280,out=113024;witness=ET,s=-,h=-,partial=-,quotient=-,src=legacy,dA=64,sec=Linf]/T[method=ET,src=legacy,eor=0,input=113024,dA=64,sec=Linf]
fp128_onehot	final=20:4;precommitted=14:1,14:1,14:1	1be82afa8f44b7272e0957ae69168854b7c0e9496b0beeefde996e05f659a15c	262144	262144	78412	5	aeda2d780737053641be441a63a0fbd482b8ddb9782dc1487580efb7af3adb82	L0[chunks=1@0,eor=0,in=1048576,out=1224448;witness=ET,s=-,h=-,partial=-,quotient=-,src=legacy,dA=256,sec=Linf]/L1[chunks=1@0,eor=0,in=1224448,out=322560;witness=ET,s=-,h=-,partial=-,quotient=-,src=legacy,dA=64,sec=Linf]/L2[chunks=1@0,eor=0,in=322560,out=161280;witness=ET,s=-,h=-,partial=-,quotient=-,src=legacy,dA=64,sec=Linf]/L3[chunks=1@0,eor=0,in=161280,out=113024;witness=ET,s=-,h=-,partial=-,quotient=-,src=legacy,dA=64,sec=Linf]/T[method=ET,src=legacy,eor=0,input=113024,dA=64,sec=Linf]
fp128_onehot	final=28:1;precommitted=	a46de3bb37f42fa48a71b95f2322aad4c4e9c8626b40c631cd6537cb251072a1	2097152	2097152	73136	6	766258ab8adf5705e5c977cbc9a18fe6a537bfccfd08f074a54e569fa5ef780c	L0[chunks=1@0,eor=0,in=268435456,out=7062464;witness=ET,s=-,h=-,partial=-,quotient=-,src=legacy,dA=256,sec=Linf]/L1[chunks=1@0,eor=0,in=7062464,out=1095168;witness=ET,s=-,h=-,partial=-,quotient=-,src=legacy,dA=64,sec=Linf]/L2[chunks=1@0,eor=0,in=1095168,out=443904;witness=ET,s=-,h=-,partial=-,quotient=-,src=legacy,dA=64,sec=Linf]/L3[chunks=1@0,eor=0,in=443904,out=247296;witness=ET,s=-,h=-,partial=-,quotient=-,src=legacy,dA=64,sec=L2]/L4[chunks=1@0,eor=0,in=247296,out=128768;witness=ET,s=-,h=-,partial=-,quotient=-,src=legacy,dA=64,sec=L2]/T[method=ET,src=legacy,eor=0,input=128768,dA=64,sec=L2]
fp128_onehot	final=30:1;precommitted=	0661c6ea7796b195873f4f0afc34e1f8ab8b773648907a24b0f5110247bb10d2	4194304	4194304	74772	7	6ee02c2309e55fba23b5ab6b33d6d0a158a859dd6934baac7b2eba969bc0bb0f	L0[chunks=1@0,eor=0,in=1073741824,out=14801152;witness=ET,s=-,h=-,partial=-,quotient=-,src=legacy,dA=128,sec=Linf]/L1[chunks=1@0,eor=0,in=14801152,out=2034368;witness=ET,s=-,h=-,partial=-,quotient=-,src=legacy,dA=64,sec=Linf]/L2[chunks=1@0,eor=0,in=2034368,out=833088;witness=ET,s=-,h=-,partial=-,quotient=-,src=legacy,dA=64,sec=Linf]/L3[chunks=1@0,eor=0,in=833088,out=444352;witness=ET,s=-,h=-,partial=-,quotient=-,src=legacy,dA=64,sec=L2]/L4[chunks=1@0,eor=0,in=444352,out=247296;witness=ET,s=-,h=-,partial=-,quotient=-,src=legacy,dA=64,sec=L2]/L5[chunks=1@0,eor=0,in=247296,out=128768;witness=ET,s=-,h=-,partial=-,quotient=-,src=legacy,dA=64,sec=L2]/T[method=ET,src=legacy,eor=0,input=128768,dA=64,sec=L2]
fp128_onehot	final=30:4;precommitted=	619a78159ae3df6e54d9411603c43aba002307069fda024793c83803f33af61c	8388608	8388608	75108	7	83640ce864036669afd85e497885d26d436bbe002ba7be8f626c85bb9df64229	L0[chunks=1@0,eor=0,in=1073741824,out=36488128;witness=ET,s=-,h=-,partial=-,quotient=-,src=legacy,dA=256,sec=Linf]/L1[chunks=1@0,eor=0,in=36488128,out=3415808;witness=ET,s=-,h=-,partial=-,quotient=-,src=legacy,dA=64,sec=Linf]/L2[chunks=1@0,eor=0,in=3415808,out=1014720;witness=ET,s=-,h=-,partial=-,quotient=-,src=legacy,dA=64,sec=Linf]/L3[chunks=1@0,eor=0,in=1014720,out=477376;witness=ET,s=-,h=-,partial=-,quotient=-,src=legacy,dA=64,sec=L2]/L4[chunks=1@0,eor=0,in=477376,out=255488;witness=ET,s=-,h=-,partial=-,quotient=-,src=legacy,dA=64,sec=L2]/L5[chunks=1@0,eor=0,in=255488,out=128768;witness=ET,s=-,h=-,partial=-,quotient=-,src=legacy,dA=64,sec=L2]/T[method=ET,src=legacy,eor=0,input=128768,dA=64,sec=L2]
fp128_onehot	final=32:1;precommitted=	47272635f2438376271d1b13f43ae0fbb70effc54ee431f53fae213a90ff22bc	8388608	8388608	75108	7	8e9012193155ff660dd2ea03e554a049f38e636cb0fd1cdb516f603d2078a9ef	L0[chunks=1@0,eor=0,in=4294967296,out=36488128;witness=ET,s=-,h=-,partial=-,quotient=-,src=legacy,dA=256,sec=Linf]/L1[chunks=1@0,eor=0,in=36488128,out=3415808;witness=ET,s=-,h=-,partial=-,quotient=-,src=legacy,dA=64,sec=Linf]/L2[chunks=1@0,eor=0,in=3415808,out=1014720;witness=ET,s=-,h=-,partial=-,quotient=-,src=legacy,dA=64,sec=Linf]/L3[chunks=1@0,eor=0,in=1014720,out=477376;witness=ET,s=-,h=-,partial=-,quotient=-,src=legacy,dA=64,sec=L2]/L4[chunks=1@0,eor=0,in=477376,out=255488;witness=ET,s=-,h=-,partial=-,quotient=-,src=legacy,dA=64,sec=L2]/L5[chunks=1@0,eor=0,in=255488,out=128768;witness=ET,s=-,h=-,partial=-,quotient=-,src=legacy,dA=64,sec=L2]/T[method=ET,src=legacy,eor=0,input=128768,dA=64,sec=L2]
fp128_onehot	final=32:2;precommitted=16:1,16:1	5fbd10cf3becdad5a285e97c9fed9e358d9f3603b6fd886bb7539204d3c0afdc	11316224	16777216	75108	7	d52c01d20764ecdb1be55c7e398bdc43f584565fac648e200a753bc3c8363e2d	L0[chunks=1@0,eor=0,in=4294967296,out=47986176;witness=ET,s=-,h=-,partial=-,quotient=-,src=legacy,dA=256,sec=Linf]/L1[chunks=1@0,eor=0,in=47986176,out=3660864;witness=ET,s=-,h=-,partial=-,quotient=-,src=legacy,dA=64,sec=Linf]/L2[chunks=1@0,eor=0,in=3660864,out=1031232;witness=ET,s=-,h=-,partial=-,quotient=-,src=legacy,dA=64,sec=Linf]/L3[chunks=1@0,eor=0,in=1031232,out=477376;witness=ET,s=-,h=-,partial=-,quotient=-,src=legacy,dA=64,sec=L2]/L4[chunks=1@0,eor=0,in=477376,out=255488;witness=ET,s=-,h=-,partial=-,quotient=-,src=legacy,dA=64,sec=L2]/L5[chunks=1@0,eor=0,in=255488,out=128768;witness=ET,s=-,h=-,partial=-,quotient=-,src=legacy,dA=64,sec=L2]/T[method=ET,src=legacy,eor=0,input=128768,dA=64,sec=L2]
fp128_onehot	final=32:4;precommitted=	a2afe07e7869624cdd9ab4baf165bb0251f452bca51d8a64041fbe6d462a9864	16777216	16777216	75748	7	48c5603bf4b93a98f734e5fb33e69cafae0020b8ea362c382fe5f6938bcecfda	L0[chunks=1@0,eor=0,in=4294967296,out=72926144;witness=ET,s=-,h=-,partial=-,quotient=-,src=legacy,dA=256,sec=Linf]/L1[chunks=1@0,eor=0,in=72926144,out=5732864;witness=ET,s=-,h=-,partial=-,quotient=-,src=legacy,dA=64,sec=Linf]/L2[chunks=1@0,eor=0,in=5732864,out=1295424;witness=ET,s=-,h=-,partial=-,quotient=-,src=legacy,dA=64,sec=Linf]/L3[chunks=1@0,eor=0,in=1295424,out=480768;witness=ET,s=-,h=-,partial=-,quotient=-,src=legacy,dA=64,sec=Linf]/L4[chunks=1@0,eor=0,in=480768,out=255488;witness=ET,s=-,h=-,partial=-,quotient=-,src=legacy,dA=64,sec=L2]/L5[chunks=1@0,eor=0,in=255488,out=128768;witness=ET,s=-,h=-,partial=-,quotient=-,src=legacy,dA=64,sec=L2]/T[method=ET,src=legacy,eor=0,input=128768,dA=64,sec=L2]
fp128_onehot	final=36:1;precommitted=	b9f19e5b22668a057b75ac8efda23eb70064baa0dde95e015463454c195a7713	45088768	67108864	76196	7	ab259a02d405d754f96bb6a13d89309deb42ac2722791d740f768638cbf35e89	L0[chunks=1@0,eor=0,in=68719476736,out=140581184;witness=ET,s=-,h=-,partial=-,quotient=-,src=legacy,dA=256,sec=Linf]/L1[chunks=1@0,eor=0,in=140581184,out=6594432;witness=ET,s=-,h=-,partial=-,quotient=-,src=legacy,dA=64,sec=Linf]/L2[chunks=1@0,eor=0,in=6594432,out=1411008;witness=ET,s=-,h=-,partial=-,quotient=-,src=legacy,dA=64,sec=Linf]/L3[chunks=1@0,eor=0,in=1411008,out=411136;witness=ET,s=-,h=-,partial=-,quotient=-,src=legacy,dA=64,sec=L2]/L4[chunks=1@0,eor=0,in=411136,out=239104;witness=ET,s=-,h=-,partial=-,quotient=-,src=legacy,dA=64,sec=L2]/L5[chunks=1@0,eor=0,in=239104,out=128768;witness=ET,s=-,h=-,partial=-,quotient=-,src=legacy,dA=64,sec=L2]/T[method=ET,src=legacy,eor=0,input=128768,dA=64,sec=L2]
fp128_onehot	final=40:1;precommitted=	b5096196e31d7c94b6e34c5a093fd4bb202586423c3e6d14f78920e3d5d954c3	180355072	268435456	77348	7	2d4f13989a4bd7a03c2a800daff068c42a88b404ee54a754c33dbe274ce447b3	L0[chunks=1@0,eor=0,in=1099511627776,out=809649344;witness=ET,s=-,h=-,partial=-,quotient=-,src=legacy,dA=256,sec=Linf]/L1[chunks=1@0,eor=0,in=809649344,out=16969856;witness=ET,s=-,h=-,partial=-,quotient=-,src=legacy,dA=128,sec=Linf]/L2[chunks=1@0,eor=0,in=16969856,out=1623552;witness=ET,s=-,h=-,partial=-,quotient=-,src=legacy,dA=64,sec=Linf]/L3[chunks=1@0,eor=0,in=1623552,out=488960;witness=ET,s=-,h=-,partial=-,quotient=-,src=legacy,dA=64,sec=L2]/L4[chunks=1@0,eor=0,in=488960,out=255488;witness=ET,s=-,h=-,partial=-,quotient=-,src=legacy,dA=64,sec=L2]/L5[chunks=1@0,eor=0,in=255488,out=128768;witness=ET,s=-,h=-,partial=-,quotient=-,src=legacy,dA=64,sec=L2]/T[method=ET,src=legacy,eor=0,input=128768,dA=64,sec=L2]
fp128_onehot	final=44:1;precommitted=	59108197889e16b1363957b8a7c59570842f3b60502857dee9a4456586d7081e	721420288	1073741824	78984	8	ab46197cdcfe43902882ce53f5f605e8b43460d7cbd117ce0f7b91a0b29d1c32	L0[chunks=1@0,eor=0,in=17592186044416,out=3238151360;witness=ET,s=-,h=-,partial=-,quotient=-,src=legacy,dA=256,sec=Linf]/L1[chunks=1@0,eor=0,in=3238151360,out=42398720;witness=ET,s=-,h=-,partial=-,quotient=-,src=legacy,dA=256,sec=Linf]/L2[chunks=1@0,eor=0,in=42398720,out=3479232;witness=ET,s=-,h=-,partial=-,quotient=-,src=legacy,dA=64,sec=Linf]/L3[chunks=1@0,eor=0,in=3479232,out=1014720;witness=ET,s=-,h=-,partial=-,quotient=-,src=legacy,dA=64,sec=Linf]/L4[chunks=1@0,eor=0,in=1014720,out=477376;witness=ET,s=-,h=-,partial=-,quotient=-,src=legacy,dA=64,sec=L2]/L5[chunks=1@0,eor=0,in=477376,out=255488;witness=ET,s=-,h=-,partial=-,quotient=-,src=legacy,dA=64,sec=L2]/L6[chunks=1@0,eor=0,in=255488,out=128768;witness=ET,s=-,h=-,partial=-,quotient=-,src=legacy,dA=64,sec=L2]/T[method=ET,src=legacy,eor=0,input=128768,dA=64,sec=L2]
fp128_onehot	final=50:1;precommitted=	270f16c2966b092473ac7c4025e71c8e4bb127f40148ad4d279309ce24502a77	5771362304	8589934592	79960	8	4b4798777204732347c4dbda6be90936f89e0786f8eef654f94cde45aa5e3718	L0[chunks=1@0,eor=0,in=1125899906842624,out=25904170176;witness=ET,s=-,h=-,partial=-,quotient=-,src=legacy,dA=256,sec=Linf]/L1[chunks=1@0,eor=0,in=25904170176,out=110011520;witness=ET,s=-,h=-,partial=-,quotient=-,src=legacy,dA=64,sec=Linf]/L2[chunks=1@0,eor=0,in=110011520,out=5609280;witness=ET,s=-,h=-,partial=-,quotient=-,src=legacy,dA=64,sec=Linf]/L3[chunks=1@0,eor=0,in=5609280,out=1278912;witness=ET,s=-,h=-,partial=-,quotient=-,src=legacy,dA=64,sec=Linf]/L4[chunks=1@0,eor=0,in=1278912,out=480768;witness=ET,s=-,h=-,partial=-,quotient=-,src=legacy,dA=64,sec=Linf]/L5[chunks=1@0,eor=0,in=480768,out=255488;witness=ET,s=-,h=-,partial=-,quotient=-,src=legacy,dA=64,sec=L2]/L6[chunks=1@0,eor=0,in=255488,out=128768;witness=ET,s=-,h=-,partial=-,quotient=-,src=legacy,dA=64,sec=L2]/T[method=ET,src=legacy,eor=0,input=128768,dA=64,sec=L2]
fp128_onehot_recursive	final=32:2;precommitted=16:1,16:1	5fbd10cf3becdad5a285e97c9fed9e358d9f3603b6fd886bb7539204d3c0afdc	16777216	4194304	78388	7	8dc2246d8d43535533e2e8121bc59306b7c1eebf2680a481a3999dc3782e4d78	L0[chunks=1@0,eor=0,in=4294967296,out=61879808;witness=ET,s=-,h=-,partial=-,quotient=-,src=legacy,dA=256,sec=Linf]/L1[chunks=1@0,eor=0,in=61879808,out=15071488;witness=ET,s=-,h=-,partial=-,quotient=-,src=legacy,dA=256,sec=Linf]/L2[chunks=1@0,eor=0,in=15071488,out=1537536;witness=ET,s=-,h=-,partial=-,quotient=-,src=legacy,dA=64,sec=Linf]/L3[chunks=1@0,eor=0,in=1537536,out=478720;witness=ET,s=-,h=-,partial=-,quotient=-,src=legacy,dA=64,sec=L2]/L4[chunks=1@0,eor=0,in=478720,out=255488;witness=ET,s=-,h=-,partial=-,quotient=-,src=legacy,dA=64,sec=L2]/L5[chunks=1@0,eor=0,in=255488,out=128768;witness=ET,s=-,h=-,partial=-,quotient=-,src=legacy,dA=64,sec=L2]/T[method=ET,src=legacy,eor=0,input=128768,dA=64,sec=L2]
fp128_onehot_recursive	final=36:1;precommitted=	b9f19e5b22668a057b75ac8efda23eb70064baa0dde95e015463454c195a7713	67108864	8388608	81064	8	5be5f7cb76ea375846cb8c0aa692608ab28a3c0293c91fc4cc3f33c0ead5e831	L0[chunks=1@0,eor=0,in=68719476736,out=140581184;witness=ET,s=-,h=-,partial=-,quotient=-,src=legacy,dA=256,sec=Linf]/L1[chunks=1@0,eor=0,in=140581184,out=31886400;witness=ET,s=-,h=-,partial=-,quotient=-,src=legacy,dA=64,sec=Linf]/L2[chunks=1@0,eor=0,in=31886400,out=14678016;witness=ET,s=-,h=-,partial=-,quotient=-,src=legacy,dA=64,sec=Linf]/L3[chunks=1@0,eor=0,in=14678016,out=2017856;witness=ET,s=-,h=-,partial=-,quotient=-,src=legacy,dA=64,sec=Linf]/L4[chunks=1@0,eor=0,in=2017856,out=484864;witness=ET,s=-,h=-,partial=-,quotient=-,src=legacy,dA=64,sec=L2]/L5[chunks=1@0,eor=0,in=484864,out=255488;witness=ET,s=-,h=-,partial=-,quotient=-,src=legacy,dA=64,sec=L2]/L6[chunks=1@0,eor=0,in=255488,out=128768;witness=ET,s=-,h=-,partial=-,quotient=-,src=legacy,dA=64,sec=L2]/T[method=ET,src=legacy,eor=0,input=128768,dA=64,sec=L2]
fp128_onehot_recursive_multi_chunk_w8r2	final=32:2;precommitted=16:1,16:1	79efd1b36cd885cf22e76b97e3a75d1f4fdd04482251c6c70fb5dcd4c7025055	16777216	8388608	81368	8	57b3f8d83f95816ae8bff6c0f79089b056fb5a86f7e11fd6d6b3ba450b85c92a	L0[chunks=8@2,eor=0,in=4294967296,out=107923264;witness=ET,s=-,h=-,partial=-,quotient=-,src=legacy,dA=64,sec=Linf]/L1[chunks=8@2,eor=0,in=107923264,out=61103424;witness=ET,s=-,h=-,partial=-,quotient=-,src=legacy,dA=64,sec=Linf]/L2[chunks=1@0,eor=0,in=61103424,out=16527360;witness=ET,s=-,h=-,partial=-,quotient=-,src=legacy,dA=64,sec=Linf]/L3[chunks=1@0,eor=0,in=16527360,out=1971072;witness=ET,s=-,h=-,partial=-,quotient=-,src=legacy,dA=64,sec=L2]/L4[chunks=1@0,eor=0,in=1971072,out=484864;witness=ET,s=-,h=-,partial=-,quotient=-,src=legacy,dA=64,sec=L2]/L5[chunks=1@0,eor=0,in=484864,out=255488;witness=ET,s=-,h=-,partial=-,quotient=-,src=legacy,dA=64,sec=L2]/L6[chunks=1@0,eor=0,in=255488,out=128768;witness=ET,s=-,h=-,partial=-,quotient=-,src=legacy,dA=64,sec=L2]/T[method=ET,src=legacy,eor=0,input=128768,dA=64,sec=L2]
fp128_dense	final=14:1;precommitted=	235fdc37cb4e83e243a17cafde8597967ef2316443a2656dee73a57dc55cac8e	131072	131072	75264	6	66a2c1808cbba9eacb2fbb49e4ac61e01abe65c19cce25ec3ffeb29712294a85	L0[chunks=1@0,eor=0,in=16384,out=439232;witness=ET,s=-,h=-,partial=-,quotient=-,src=legacy,dA=256,sec=Linf]/L1[chunks=1@0,eor=0,in=439232,out=356800;witness=ET,s=-,h=-,partial=-,quotient=-,src=legacy,dA=128,sec=Linf]/L2[chunks=1@0,eor=0,in=356800,out=190464;witness=ET,s=-,h=-,partial=-,quotient=-,src=legacy,dA=64,sec=Linf]/L3[chunks=1@0,eor=0,in=190464,out=159872;witness=ET,s=-,h=-,partial=-,quotient=-,src=legacy,dA=64,sec=L2]/L4[chunks=1@0,eor=0,in=159872,out=97536;witness=ET,s=-,h=-,partial=-,quotient=-,src=legacy,dA=64,sec=L2]/T[method=ET,src=legacy,eor=0,input=97536,dA=64,sec=Linf]
fp128_dense	final=15:2;precommitted=	c087e777d755574ba60cc3ed9d2768052d7510780d99c0fe235c0a00f0202e57	176128	262144	71552	6	4aaf484f1269c0d6fa3fc2f2c4b6d898201a1f4cd2e05b4f13a98f5d986526ed	L0[chunks=1@0,eor=0,in=32768,out=828352;witness=ET,s=-,h=-,partial=-,quotient=-,src=legacy,dA=256,sec=Linf]/L1[chunks=1@0,eor=0,in=828352,out=466816;witness=ET,s=-,h=-,partial=-,quotient=-,src=legacy,dA=128,sec=Linf]/L2[chunks=1@0,eor=0,in=466816,out=321024;witness=ET,s=-,h=-,partial=-,quotient=-,src=legacy,dA=64,sec=Linf]/L3[chunks=1@0,eor=0,in=321024,out=259584;witness=ET,s=-,h=-,partial=-,quotient=-,src=legacy,dA=64,sec=Linf]/L4[chunks=1@0,eor=0,in=259584,out=128768;witness=ET,s=-,h=-,partial=-,quotient=-,src=legacy,dA=64,sec=L2]/T[method=ET,src=legacy,eor=0,input=128768,dA=64,sec=L2]
fp128_dense	final=16:1;precommitted=	619d5acd56307a5aff5911635e36969a167028482b33cc55f9f90598a55554be	176128	262144	71552	6	d95a3cf9decf3bdf38156e9cae560295eb7d2f71a1fac17be22fa6e0e6bd8831	L0[chunks=1@0,eor=0,in=65536,out=828352;witness=ET,s=-,h=-,partial=-,quotient=-,src=legacy,dA=256,sec=Linf]/L1[chunks=1@0,eor=0,in=828352,out=466816;witness=ET,s=-,h=-,partial=-,quotient=-,src=legacy,dA=128,sec=Linf]/L2[chunks=1@0,eor=0,in=466816,out=321024;witness=ET,s=-,h=-,partial=-,quotient=-,src=legacy,dA=64,sec=Linf]/L3[chunks=1@0,eor=0,in=321024,out=259584;witness=ET,s=-,h=-,partial=-,quotient=-,src=legacy,dA=64,sec=Linf]/L4[chunks=1@0,eor=0,in=259584,out=128768;witness=ET,s=-,h=-,partial=-,quotient=-,src=legacy,dA=64,sec=L2]/T[method=ET,src=legacy,eor=0,input=128768,dA=64,sec=L2]
fp128_dense	final=16:1;precommitted=14:1	2df0145db1a4d7ddb63d649fa8acb964304020877844facf89d80eba533fb256	196608	262144	80096	6	87185d29bda5d0aacbe14d96cb07fd336ca230afb15f6d6bffa1f801b6a66131	L0[chunks=1@0,eor=0,in=65536,out=1340416;witness=ET,s=-,h=-,partial=-,quotient=-,src=legacy,dA=256,sec=Linf]/L1[chunks=1@0,eor=0,in=1340416,out=385664;witness=ET,s=-,h=-,partial=-,quotient=-,src=legacy,dA=128,sec=Linf]/L2[chunks=1@0,eor=0,in=385664,out=253184;witness=ET,s=-,h=-,partial=-,quotient=-,src=legacy,dA=64,sec=Linf]/L3[chunks=1@0,eor=0,in=253184,out=198272;witness=ET,s=-,h=-,partial=-,quotient=-,src=legacy,dA=64,sec=L2]/L4[chunks=1@0,eor=0,in=198272,out=114432;witness=ET,s=-,h=-,partial=-,quotient=-,src=legacy,dA=64,sec=L2]/T[method=ET,src=legacy,eor=0,input=114432,dA=64,sec=Linf]
fp128_dense	final=16:2;precommitted=	1d3119b577401489425a46a52a8368829ffee0287db544156fcb790c4c1190e1	196608	262144	79116	5	c77670f9fbab6eb133325658d3333df9f4e8d9be0bc35aaf169ae1f5c1e81d87	L0[chunks=1@0,eor=0,in=65536,out=1190272;witness=ET,s=-,h=-,partial=-,quotient=-,src=legacy,dA=256,sec=Linf]/L1[chunks=1@0,eor=0,in=1190272,out=324416;witness=ET,s=-,h=-,partial=-,quotient=-,src=legacy,dA=128,sec=Linf]/L2[chunks=1@0,eor=0,in=324416,out=161280;witness=ET,s=-,h=-,partial=-,quotient=-,src=legacy,dA=64,sec=Linf]/L3[chunks=1@0,eor=0,in=161280,out=113024;witness=ET,s=-,h=-,partial=-,quotient=-,src=legacy,dA=64,sec=Linf]/T[method=ET,src=legacy,eor=0,input=113024,dA=64,sec=Linf]
fp128_dense	final=17:4;precommitted=	b996d72cefb7a0a3262ac30ce0fd4e4200b27eff277fd1922a3c219011e6383f	425984	524288	72208	6	4e60fbcee17dc3ef7c77816a2074c017de28460f9b1dcab38ca89c306a2c9ea2	L0[chunks=1@0,eor=0,in=131072,out=2406784;witness=ET,s=-,h=-,partial=-,quotient=-,src=legacy,dA=256,sec=Linf]/L1[chunks=1@0,eor=0,in=2406784,out=861632;witness=ET,s=-,h=-,partial=-,quotient=-,src=legacy,dA=256,sec=Linf]/L2[chunks=1@0,eor=0,in=861632,out=407040;witness=ET,s=-,h=-,partial=-,quotient=-,src=legacy,dA=64,sec=Linf]/L3[chunks=1@0,eor=0,in=407040,out=239104;witness=ET,s=-,h=-,partial=-,quotient=-,src=legacy,dA=64,sec=L2]/L4[chunks=1@0,eor=0,in=239104,out=128768;witness=ET,s=-,h=-,partial=-,quotient=-,src=legacy,dA=64,sec=L2]/T[method=ET,src=legacy,eor=0,input=128768,dA=64,sec=L2]
fp128_dense	final=24:1;precommitted=	94e7a14c6d0dc602c7ebc7e2d1dd26de309a4ccf1ba006bd7c284ecae724ca0d	2818048	4194304	74772	7	bcb2e827b34ee6aa9f1f6e341bf7d5a1005c787cb1d2b2325caf3880f2c651b0	L0[chunks=1@0,eor=0,in=16777216,out=15614976;witness=ET,s=-,h=-,partial=-,quotient=-,src=legacy,dA=128,sec=Linf]/L1[chunks=1@0,eor=0,in=15614976,out=2083904;witness=ET,s=-,h=-,partial=-,quotient=-,src=legacy,dA=64,sec=Linf]/L2[chunks=1@0,eor=0,in=2083904,out=833088;witness=ET,s=-,h=-,partial=-,quotient=-,src=legacy,dA=64,sec=Linf]/L3[chunks=1@0,eor=0,in=833088,out=444352;witness=ET,s=-,h=-,partial=-,quotient=-,src=legacy,dA=64,sec=L2]/L4[chunks=1@0,eor=0,in=444352,out=247296;witness=ET,s=-,h=-,partial=-,quotient=-,src=legacy,dA=64,sec=L2]/L5[chunks=1@0,eor=0,in=247296,out=128768;witness=ET,s=-,h=-,partial=-,quotient=-,src=legacy,dA=64,sec=L2]/T[method=ET,src=legacy,eor=0,input=128768,dA=64,sec=L2]
fp128_dense	final=26:1;precommitted=	c93e949f727a2db762f7dbfe2fcdcdc29cf0a3b5fd10f76b3019de436810bc9b	5636096	8388608	74996	7	0f19eebc9da4d546298f4ccf5b7b6486ad6686847f10f94765cea63efb22c99c	L0[chunks=1@0,eor=0,in=67108864,out=31922560;witness=ET,s=-,h=-,partial=-,quotient=-,src=legacy,dA=256,sec=Linf]/L1[chunks=1@0,eor=0,in=31922560,out=3118592;witness=ET,s=-,h=-,partial=-,quotient=-,src=legacy,dA=64,sec=Linf]/L2[chunks=1@0,eor=0,in=3118592,out=965184;witness=ET,s=-,h=-,partial=-,quotient=-,src=legacy,dA=64,sec=Linf]/L3[chunks=1@0,eor=0,in=965184,out=466368;witness=ET,s=-,h=-,partial=-,quotient=-,src=legacy,dA=64,sec=L2]/L4[chunks=1@0,eor=0,in=466368,out=255488;witness=ET,s=-,h=-,partial=-,quotient=-,src=legacy,dA=64,sec=L2]/L5[chunks=1@0,eor=0,in=255488,out=128768;witness=ET,s=-,h=-,partial=-,quotient=-,src=legacy,dA=64,sec=L2]/T[method=ET,src=legacy,eor=0,input=128768,dA=64,sec=L2]
fp128_dense	final=28:1;precommitted=	a46de3bb37f42fa48a71b95f2322aad4c4e9c8626b40c631cd6537cb251072a1	11272192	16777216	75220	7	da25e5f87d68b213f3910d877bbcfe9f38db9c7e74f7af73716380cd8e449c07	L0[chunks=1@0,eor=0,in=268435456,out=63773056;witness=ET,s=-,h=-,partial=-,quotient=-,src=legacy,dA=256,sec=Linf]/L1[chunks=1@0,eor=0,in=63773056,out=4156224;witness=ET,s=-,h=-,partial=-,quotient=-,src=legacy,dA=64,sec=Linf]/L2[chunks=1@0,eor=0,in=4156224,out=1097280;witness=ET,s=-,h=-,partial=-,quotient=-,src=legacy,dA=64,sec=Linf]/L3[chunks=1@0,eor=0,in=1097280,out=488384;witness=ET,s=-,h=-,partial=-,quotient=-,src=legacy,dA=64,sec=L2]/L4[chunks=1@0,eor=0,in=488384,out=255488;witness=ET,s=-,h=-,partial=-,quotient=-,src=legacy,dA=64,sec=L2]/L5[chunks=1@0,eor=0,in=255488,out=128768;witness=ET,s=-,h=-,partial=-,quotient=-,src=legacy,dA=64,sec=L2]/T[method=ET,src=legacy,eor=0,input=128768,dA=64,sec=L2]
fp128_dense	final=30:1;precommitted=	0661c6ea7796b195873f4f0afc34e1f8ab8b773648907a24b0f5110247bb10d2	22544384	33554432	76084	7	88fa8049ae78a2b8987b9df5b2e053b81f7292a030ee655c8739267b704b86f9	L0[chunks=1@0,eor=0,in=1073741824,out=127474048;witness=ET,s=-,h=-,partial=-,quotient=-,src=legacy,dA=256,sec=Linf]/L1[chunks=1@0,eor=0,in=127474048,out=8295296;witness=ET,s=-,h=-,partial=-,quotient=-,src=legacy,dA=256,sec=Linf]/L2[chunks=1@0,eor=0,in=8295296,out=1621568;witness=ET,s=-,h=-,partial=-,quotient=-,src=legacy,dA=64,sec=Linf]/L3[chunks=1@0,eor=0,in=1621568,out=435712;witness=ET,s=-,h=-,partial=-,quotient=-,src=legacy,dA=64,sec=L2]/L4[chunks=1@0,eor=0,in=435712,out=247296;witness=ET,s=-,h=-,partial=-,quotient=-,src=legacy,dA=64,sec=L2]/L5[chunks=1@0,eor=0,in=247296,out=128768;witness=ET,s=-,h=-,partial=-,quotient=-,src=legacy,dA=64,sec=L2]/T[method=ET,src=legacy,eor=0,input=128768,dA=64,sec=L2]
fp128_dense	final=32:1;precommitted=	47272635f2438376271d1b13f43ae0fbb70effc54ee431f53fae213a90ff22bc	46137344	67108864	76420	7	a476d09d477dff4c547da60b7e966e370ffac6573315fbfc63dc4c72bddcd504	L0[chunks=1@0,eor=0,in=4294967296,out=273783232;witness=ET,s=-,h=-,partial=-,quotient=-,src=legacy,dA=256,sec=Linf]/L1[chunks=1@0,eor=0,in=273783232,out=12918656;witness=ET,s=-,h=-,partial=-,quotient=-,src=legacy,dA=256,sec=Linf]/L2[chunks=1@0,eor=0,in=12918656,out=1918784;witness=ET,s=-,h=-,partial=-,quotient=-,src=legacy,dA=64,sec=Linf]/L3[chunks=1@0,eor=0,in=1918784,out=476672;witness=ET,s=-,h=-,partial=-,quotient=-,src=legacy,dA=64,sec=L2]/L4[chunks=1@0,eor=0,in=476672,out=255488;witness=ET,s=-,h=-,partial=-,quotient=-,src=legacy,dA=64,sec=L2]/L5[chunks=1@0,eor=0,in=255488,out=128768;witness=ET,s=-,h=-,partial=-,quotient=-,src=legacy,dA=64,sec=L2]/T[method=ET,src=legacy,eor=0,input=128768,dA=64,sec=L2]
fp128_dense	final=44:1;precommitted=	59108197889e16b1363957b8a7c59570842f3b60502857dee9a4456586d7081e	5771362304	8589934592	80296	8	4d1a7a452a6447052310bd0f14974253ab51b110bc8783b5c7c84d6510bbd862	L0[chunks=1@0,eor=0,in=17592186044416,out=31742652416;witness=ET,s=-,h=-,partial=-,quotient=-,src=legacy,dA=256,sec=Linf]/L1[chunks=1@0,eor=0,in=31742652416,out=125356544;witness=ET,s=-,h=-,partial=-,quotient=-,src=legacy,dA=64,sec=Linf]/L2[chunks=1@0,eor=0,in=125356544,out=6104640;witness=ET,s=-,h=-,partial=-,quotient=-,src=legacy,dA=64,sec=Linf]/L3[chunks=1@0,eor=0,in=6104640,out=1344960;witness=ET,s=-,h=-,partial=-,quotient=-,src=legacy,dA=64,sec=Linf]/L4[chunks=1@0,eor=0,in=1344960,out=402944;witness=ET,s=-,h=-,partial=-,quotient=-,src=legacy,dA=64,sec=L2]/L5[chunks=1@0,eor=0,in=402944,out=239104;witness=ET,s=-,h=-,partial=-,quotient=-,src=legacy,dA=64,sec=L2]/L6[chunks=1@0,eor=0,in=239104,out=128768;witness=ET,s=-,h=-,partial=-,quotient=-,src=legacy,dA=64,sec=L2]/T[method=ET,src=legacy,eor=0,input=128768,dA=64,sec=L2]
fp128_onehot_multi_chunk	final=16:1;precommitted=	619d5acd56307a5aff5911635e36969a167028482b33cc55f9f90598a55554be	327680	262144	81936	6	2c4efee8d7acd1b98876190f4d4e4eb8d7a8379b4bb8c2f0f09ac546afad42d5	L0[chunks=8@2,eor=0,in=65536,out=592064;witness=ET,s=-,h=-,partial=-,quotient=-,src=legacy,dA=64,sec=Linf]/L1[chunks=8@2,eor=0,in=592064,out=582848;witness=ET,s=-,h=-,partial=-,quotient=-,src=legacy,dA=64,sec=Linf]/L2[chunks=1@0,eor=0,in=582848,out=239936;witness=ET,s=-,h=-,partial=-,quotient=-,src=legacy,dA=64,sec=Linf]/L3[chunks=1@0,eor=0,in=239936,out=153280;witness=ET,s=-,h=-,partial=-,quotient=-,src=legacy,dA=64,sec=L2]/L4[chunks=1@0,eor=0,in=153280,out=113024;witness=ET,s=-,h=-,partial=-,quotient=-,src=legacy,dA=64,sec=Linf]/T[method=ET,src=legacy,eor=0,input=113024,dA=64,sec=Linf]
fp128_onehot_multi_chunk	final=32:1;precommitted=	47272635f2438376271d1b13f43ae0fbb70effc54ee431f53fae213a90ff22bc	8388608	8388608	76196	7	8eb4e67b7ffe6b383422116795f2a8148ebf38ed2cedee124c483fd4c789e19c	L0[chunks=8@2,eor=0,in=4294967296,out=78586816;witness=ET,s=-,h=-,partial=-,quotient=-,src=legacy,dA=64,sec=Linf]/L1[chunks=8@2,eor=0,in=78586816,out=14222720;witness=ET,s=-,h=-,partial=-,quotient=-,src=legacy,dA=64,sec=Linf]/L2[chunks=1@0,eor=0,in=14222720,out=2001344;witness=ET,s=-,h=-,partial=-,quotient=-,src=legacy,dA=64,sec=Linf]/L3[chunks=1@0,eor=0,in=2001344,out=484864;witness=ET,s=-,h=-,partial=-,quotient=-,src=legacy,dA=64,sec=L2]/L4[chunks=1@0,eor=0,in=484864,out=255488;witness=ET,s=-,h=-,partial=-,quotient=-,src=legacy,dA=64,sec=L2]/L5[chunks=1@0,eor=0,in=255488,out=128768;witness=ET,s=-,h=-,partial=-,quotient=-,src=legacy,dA=64,sec=L2]/T[method=ET,src=legacy,eor=0,input=128768,dA=64,sec=L2]
fp128_onehot_multi_chunk	final=32:2;precommitted=16:1,16:1	79efd1b36cd885cf22e76b97e3a75d1f4fdd04482251c6c70fb5dcd4c7025055	11624448	16777216	76900	7	738690121fa03aa334a527240e5fe92c07282b340912534930d438e746fbb86e	L0[chunks=8@2,eor=0,in=4294967296,out=107923264;witness=ET,s=-,h=-,partial=-,quotient=-,src=legacy,dA=64,sec=Linf]/L1[chunks=8@2,eor=0,in=107923264,out=15312768;witness=ET,s=-,h=-,partial=-,quotient=-,src=legacy,dA=64,sec=Linf]/L2[chunks=1@0,eor=0,in=15312768,out=1549824;witness=ET,s=-,h=-,partial=-,quotient=-,src=legacy,dA=64,sec=Linf]/L3[chunks=1@0,eor=0,in=1549824,out=478720;witness=ET,s=-,h=-,partial=-,quotient=-,src=legacy,dA=64,sec=L2]/L4[chunks=1@0,eor=0,in=478720,out=255488;witness=ET,s=-,h=-,partial=-,quotient=-,src=legacy,dA=64,sec=L2]/L5[chunks=1@0,eor=0,in=255488,out=128768;witness=ET,s=-,h=-,partial=-,quotient=-,src=legacy,dA=64,sec=L2]/T[method=ET,src=legacy,eor=0,input=128768,dA=64,sec=L2]
fp128_onehot_multi_chunk_w2r2	final=14:1;precommitted=	235fdc37cb4e83e243a17cafde8597967ef2316443a2656dee73a57dc55cac8e	98304	131072	126196	3	838000cbe39a823c0e460ea6a1b92f4b9a7d1454a45bf3471af160131ec17c23	L0[chunks=2@2,eor=0,in=16384,out=234432;witness=ET,s=-,h=-,partial=-,quotient=-,src=legacy,dA=256,sec=Linf]/L1[chunks=2@2,eor=0,in=234432,out=212160;witness=ET,s=-,h=-,partial=-,quotient=-,src=legacy,dA=64,sec=Linf]/T[method=ET,src=legacy,eor=0,input=212160,dA=64,sec=Linf]
fp128_onehot_multi_chunk_w2r2	final=14:1;precommitted=14:1	4f65b70a8eda78f164af9406dee96301d4b6762114c2695fe2ff7d870b2d61d6	163840	262144	70812	5	e279a95b5e878fd581966473d990d275df398543639db8b2265e68067a51cbd0	L0[chunks=2@2,eor=0,in=16384,out=377856;witness=ET,s=-,h=-,partial=-,quotient=-,src=legacy,dA=256,sec=Linf]/L1[chunks=2@2,eor=0,in=377856,out=370176;witness=ET,s=-,h=-,partial=-,quotient=-,src=legacy,dA=256,sec=Linf]/L2[chunks=1@0,eor=0,in=370176,out=262144;witness=ET,s=-,h=-,partial=-,quotient=-,src=legacy,dA=64,sec=Linf]/L3[chunks=1@0,eor=0,in=262144,out=128768;witness=ET,s=-,h=-,partial=-,quotient=-,src=legacy,dA=64,sec=L2]/T[method=ET,src=legacy,eor=0,input=128768,dA=64,sec=L2]
fp128_onehot_multi_chunk_w2r2	final=32:1;precommitted=	47272635f2438376271d1b13f43ae0fbb70effc54ee431f53fae213a90ff22bc	8388608	8388608	75636	7	57da9583c2c51055d433a200eeb8687e60527b659fda446e8b52af464843339e	L0[chunks=2@2,eor=0,in=4294967296,out=40838080;witness=ET,s=-,h=-,partial=-,quotient=-,src=legacy,dA=64,sec=Linf]/L1[chunks=2@2,eor=0,in=40838080,out=4728576;witness=ET,s=-,h=-,partial=-,quotient=-,src=legacy,dA=64,sec=Linf]/L2[chunks=1@0,eor=0,in=4728576,out=1179840;witness=ET,s=-,h=-,partial=-,quotient=-,src=legacy,dA=64,sec=Linf]/L3[chunks=1@0,eor=0,in=1179840,out=468480;witness=ET,s=-,h=-,partial=-,quotient=-,src=legacy,dA=64,sec=Linf]/L4[chunks=1@0,eor=0,in=468480,out=255488;witness=ET,s=-,h=-,partial=-,quotient=-,src=legacy,dA=64,sec=L2]/L5[chunks=1@0,eor=0,in=255488,out=128768;witness=ET,s=-,h=-,partial=-,quotient=-,src=legacy,dA=64,sec=L2]/T[method=ET,src=legacy,eor=0,input=128768,dA=64,sec=L2]
fp128_onehot_multi_chunk_w4r2	final=32:1;precommitted=	47272635f2438376271d1b13f43ae0fbb70effc54ee431f53fae213a90ff22bc	8388608	8388608	75972	7	ec9b31cb3f17112d513ac7e4a919ef14aefffe0fc8885d9dc2f3fde8e4714db0	L0[chunks=4@2,eor=0,in=4294967296,out=53420992;witness=ET,s=-,h=-,partial=-,quotient=-,src=legacy,dA=64,sec=Linf]/L1[chunks=4@2,eor=0,in=53420992,out=7640192;witness=ET,s=-,h=-,partial=-,quotient=-,src=legacy,dA=64,sec=Linf]/L2[chunks=1@0,eor=0,in=7640192,out=1543104;witness=ET,s=-,h=-,partial=-,quotient=-,src=legacy,dA=64,sec=Linf]/L3[chunks=1@0,eor=0,in=1543104,out=427520;witness=ET,s=-,h=-,partial=-,quotient=-,src=legacy,dA=64,sec=L2]/L4[chunks=1@0,eor=0,in=427520,out=247296;witness=ET,s=-,h=-,partial=-,quotient=-,src=legacy,dA=64,sec=L2]/L5[chunks=1@0,eor=0,in=247296,out=128768;witness=ET,s=-,h=-,partial=-,quotient=-,src=legacy,dA=64,sec=L2]/T[method=ET,src=legacy,eor=0,input=128768,dA=64,sec=L2]
fp128_dense_multi_chunk	final=16:1;precommitted=	619d5acd56307a5aff5911635e36969a167028482b33cc55f9f90598a55554be	327680	262144	76116	7	fc449546cb1e45cec482fb145129d9214385288ad70aaf002c19b4df6efcae74	L0[chunks=8@2,eor=0,in=65536,out=2079104;witness=ET,s=-,h=-,partial=-,quotient=-,src=legacy,dA=64,sec=Linf]/L1[chunks=8@2,eor=0,in=2079104,out=1801728;witness=ET,s=-,h=-,partial=-,quotient=-,src=legacy,dA=64,sec=Linf]/L2[chunks=1@0,eor=0,in=1801728,out=579072;witness=ET,s=-,h=-,partial=-,quotient=-,src=legacy,dA=64,sec=Linf]/L3[chunks=1@0,eor=0,in=579072,out=345600;witness=ET,s=-,h=-,partial=-,quotient=-,src=legacy,dA=64,sec=Linf]/L4[chunks=1@0,eor=0,in=345600,out=222720;witness=ET,s=-,h=-,partial=-,quotient=-,src=legacy,dA=64,sec=L2]/L5[chunks=1@0,eor=0,in=222720,out=122112;witness=ET,s=-,h=-,partial=-,quotient=-,src=legacy,dA=64,sec=L2]/T[method=ET,src=legacy,eor=0,input=122112,dA=64,sec=L2]
fp64_dense	final=14:1;precommitted=	235fdc37cb4e83e243a17cafde8597967ef2316443a2656dee73a57dc55cac8e	131072	131072	65404	5	3db29805926410b6dea2ad89892c1a90dcc8bf381e23dd028d26573a4bf4c31f	L0[chunks=1@0,eor=464,in=16384,out=255936;witness=ET,s=-,h=-,partial=-,quotient=-,src=legacy,dA=128,sec=Linf]/L1[chunks=1@0,eor=592,in=255936,out=165504;witness=ET,s=-,h=-,partial=-,quotient=-,src=legacy,dA=128,sec=Linf]/L2[chunks=1@0,eor=592,in=165504,out=111616;witness=ET,s=-,h=-,partial=-,quotient=-,src=legacy,dA=64,sec=Linf]/L3[chunks=1@0,eor=560,in=111616,out=80640;witness=ET,s=-,h=-,partial=-,quotient=-,src=legacy,dA=64,sec=L2]/T[method=ET,src=legacy,eor=560,input=80640,dA=64,sec=L2]
fp64_dense	final=16:1;precommitted=	619d5acd56307a5aff5911635e36969a167028482b33cc55f9f90598a55554be	229376	262144	68204	5	5874b9d08e81709c0b9c9f0392a83ae577dd577be4ba5b87d475856437734c0f	L0[chunks=1@0,eor=528,in=65536,out=520384;witness=ET,s=-,h=-,partial=-,quotient=-,src=legacy,dA=256,sec=Linf]/L1[chunks=1@0,eor=624,in=520384,out=371392;witness=ET,s=-,h=-,partial=-,quotient=-,src=legacy,dA=256,sec=Linf]/L2[chunks=1@0,eor=624,in=371392,out=155392;witness=ET,s=-,h=-,partial=-,quotient=-,src=legacy,dA=64,sec=Linf]/L3[chunks=1@0,eor=592,in=155392,out=97536;witness=ET,s=-,h=-,partial=-,quotient=-,src=legacy,dA=64,sec=L2]/T[method=ET,src=legacy,eor=560,input=97536,dA=64,sec=L2]
fp64_dense	final=20:1;precommitted=	7e615f063166da9e18d6e9eacc305f7128e85099f64b8b48278e935e02e876fe	360448	524288	71472	6	6392429a7af275123f457157f840747ba4d7927620f5adbd58e4699a2294cb5c	L0[chunks=1@0,eor=656,in=1048576,out=2268928;witness=ET,s=-,h=-,partial=-,quotient=-,src=legacy,dA=256,sec=Linf]/L1[chunks=1@0,eor=720,in=2268928,out=455680;witness=ET,s=-,h=-,partial=-,quotient=-,src=legacy,dA=128,sec=Linf]/L2[chunks=1@0,eor=624,in=455680,out=195520;witness=ET,s=-,h=-,partial=-,quotient=-,src=legacy,dA=64,sec=Linf]/L3[chunks=1@0,eor=592,in=195520,out=107776;witness=ET,s=-,h=-,partial=-,quotient=-,src=legacy,dA=64,sec=L2]/L4[chunks=1@0,eor=560,in=107776,out=80640;witness=ET,s=-,h=-,partial=-,quotient=-,src=legacy,dA=64,sec=L2]/T[method=ET,src=legacy,eor=560,input=80640,dA=64,sec=L2]
fp64_dense	final=20:1;precommitted=16:1	f923bbf1bbc1a6e14ed0f9a0af9e22d531e25ec73fb3958fbb8898f7a75d3f27	405504	524288	73312	6	b6878ed7a25a146f087c24164a6188850823d71ae7df8560afd873b3ec01e6b0	L0[chunks=1@0,eor=704,in=1048576,out=2780672;witness=ET,s=-,h=-,partial=-,quotient=-,src=legacy,dA=256,sec=Linf]/L1[chunks=1@0,eor=720,in=2780672,out=516864;witness=ET,s=-,h=-,partial=-,quotient=-,src=legacy,dA=256,sec=Linf]/L2[chunks=1@0,eor=624,in=516864,out=188032;witness=ET,s=-,h=-,partial=-,quotient=-,src=legacy,dA=64,sec=Linf]/L3[chunks=1@0,eor=592,in=188032,out=107776;witness=ET,s=-,h=-,partial=-,quotient=-,src=legacy,dA=64,sec=L2]/L4[chunks=1@0,eor=560,in=107776,out=80640;witness=ET,s=-,h=-,partial=-,quotient=-,src=legacy,dA=64,sec=L2]/T[method=ET,src=legacy,eor=560,input=80640,dA=64,sec=L2]
fp64_dense	final=26:1;precommitted=	c93e949f727a2db762f7dbfe2fcdcdc29cf0a3b5fd10f76b3019de436810bc9b	4194304	4194304	73444	7	4baac12b048711207ad0c0cfca148bc07e46cb3a57509353246ff27b307d40bb	L0[chunks=1@0,eor=848,in=67108864,out=20854016;witness=ET,s=-,h=-,partial=-,quotient=-,src=legacy,dA=256,sec=Linf]/L1[chunks=1@0,eor=816,in=20854016,out=2217280;witness=ET,s=-,h=-,partial=-,quotient=-,src=legacy,dA=64,sec=Linf]/L2[chunks=1@0,eor=720,in=2217280,out=581120;witness=ET,s=-,h=-,partial=-,quotient=-,src=legacy,dA=64,sec=Linf]/L3[chunks=1@0,eor=656,in=581120,out=280064;witness=ET,s=-,h=-,partial=-,quotient=-,src=legacy,dA=64,sec=L2]/L4[chunks=1@0,eor=624,in=280064,out=190976;witness=ET,s=-,h=-,partial=-,quotient=-,src=legacy,dA=64,sec=L2]/L5[chunks=1@0,eor=592,in=190976,out=109632;witness=ET,s=-,h=-,partial=-,quotient=-,src=legacy,dA=64,sec=L2]/T[method=ET,src=legacy,eor=560,input=109632,dA=64,sec=L2]
fp64_onehot	final=28:1;precommitted=	a46de3bb37f42fa48a71b95f2322aad4c4e9c8626b40c631cd6537cb251072a1	2097152	2097152	72404	7	f974b934ab2d79902e06e9efaf0006c053a5072ff24c5bfabe81056ff29d2728	L0[chunks=1@0,eor=912,in=268435456,out=7560448;witness=ET,s=-,h=-,partial=-,quotient=-,src=legacy,dA=256,sec=Linf]/L1[chunks=1@0,eor=752,in=7560448,out=1388736;witness=ET,s=-,h=-,partial=-,quotient=-,src=legacy,dA=64,sec=Linf]/L2[chunks=1@0,eor=688,in=1388736,out=608704;witness=ET,s=-,h=-,partial=-,quotient=-,src=legacy,dA=64,sec=Linf]/L3[chunks=1@0,eor=656,in=608704,out=267776;witness=ET,s=-,h=-,partial=-,quotient=-,src=legacy,dA=64,sec=L2]/L4[chunks=1@0,eor=624,in=267776,out=190976;witness=ET,s=-,h=-,partial=-,quotient=-,src=legacy,dA=64,sec=L2]/L5[chunks=1@0,eor=592,in=190976,out=109632;witness=ET,s=-,h=-,partial=-,quotient=-,src=legacy,dA=64,sec=L2]/T[method=ET,src=legacy,eor=560,input=109632,dA=64,sec=L2]
fp64_onehot	final=30:1;precommitted=	0661c6ea7796b195873f4f0afc34e1f8ab8b773648907a24b0f5110247bb10d2	4194304	4194304	73284	7	ac57c4f2d89bdc1c898d5cf4cbf6e66036a7e24dd6b9c8c19a7f7ebce4e68ca4	L0[chunks=1@0,eor=976,in=1073741824,out=15031552;witness=ET,s=-,h=-,partial=-,quotient=-,src=legacy,dA=256,sec=Linf]/L1[chunks=1@0,eor=784,in=15031552,out=1902016;witness=ET,s=-,h=-,partial=-,quotient=-,src=legacy,dA=64,sec=Linf]/L2[chunks=1@0,eor=688,in=1902016,out=540160;witness=ET,s=-,h=-,partial=-,quotient=-,src=legacy,dA=64,sec=Linf]/L3[chunks=1@0,eor=656,in=540160,out=271872;witness=ET,s=-,h=-,partial=-,quotient=-,src=legacy,dA=64,sec=L2]/L4[chunks=1@0,eor=624,in=271872,out=190976;witness=ET,s=-,h=-,partial=-,quotient=-,src=legacy,dA=64,sec=L2]/L5[chunks=1@0,eor=592,in=190976,out=109632;witness=ET,s=-,h=-,partial=-,quotient=-,src=legacy,dA=64,sec=L2]/T[method=ET,src=legacy,eor=560,input=109632,dA=64,sec=L2]
fp32_dense	final=20:1;precommitted=	7e615f063166da9e18d6e9eacc305f7128e85099f64b8b48278e935e02e876fe	360448	524288	67376	6	3b401da0dcc2818f7b79295eacdc074a6ca482b49ce96d2ada9ea883c105f1ea	L0[chunks=1@0,eor=656,in=1048576,out=1661952;witness=ET,s=-,h=-,partial=-,quotient=-,src=legacy,dA=512,sec=Linf]/L1[chunks=1@0,eor=688,in=1661952,out=398592;witness=ET,s=-,h=-,partial=-,quotient=-,src=legacy,dA=256,sec=Linf]/L2[chunks=1@0,eor=624,in=398592,out=187008;witness=ET,s=-,h=-,partial=-,quotient=-,src=legacy,dA=128,sec=Linf]/L3[chunks=1@0,eor=592,in=187008,out=111616;witness=ET,s=-,h=-,partial=-,quotient=-,src=legacy,dA=128,sec=L2]/L4[chunks=1@0,eor=560,in=111616,out=78848;witness=ET,s=-,h=-,partial=-,quotient=-,src=legacy,dA=128,sec=L2]/T[method=ET,src=legacy,eor=560,input=78848,dA=128,sec=L2]
fp32_dense	final=20:1;precommitted=20:1	c2666377573ecdaa36c13bc5b5a5d1d6565067ea6a2530b56b15d2ed2f012d55	540672	1048576	68368	6	06cf601abad2da11f62e62c74cd85b6d6ff2984fb3906f5d8d234a0ad260dfb9	L0[chunks=1@0,eor=736,in=1048576,out=3126784;witness=ET,s=-,h=-,partial=-,quotient=-,src=legacy,dA=256,sec=Linf]/L1[chunks=1@0,eor=720,in=3126784,out=1013504;witness=ET,s=-,h=-,partial=-,quotient=-,src=legacy,dA=256,sec=Linf]/L2[chunks=1@0,eor=656,in=1013504,out=278400;witness=ET,s=-,h=-,partial=-,quotient=-,src=legacy,dA=128,sec=Linf]/L3[chunks=1@0,eor=624,in=278400,out=144000;witness=ET,s=-,h=-,partial=-,quotient=-,src=legacy,dA=128,sec=L2]/L4[chunks=1@0,eor=592,in=144000,out=89600;witness=ET,s=-,h=-,partial=-,quotient=-,src=legacy,dA=128,sec=L2]/T[method=ET,src=legacy,eor=560,input=89600,dA=128,sec=L2]
fp32_dense	final=26:1;precommitted=	c93e949f727a2db762f7dbfe2fcdcdc29cf0a3b5fd10f76b3019de436810bc9b	2883584	4194304	70196	7	702dbe3d761e6cd315388a9d3e7d4ef8c91156a958fd7487a9dc7a24d04d1905	L0[chunks=1@0,eor=848,in=67108864,out=16205824;witness=ET,s=-,h=-,partial=-,quotient=-,src=legacy,dA=512,sec=Linf]/L1[chunks=1@0,eor=784,in=16205824,out=1958400;witness=ET,s=-,h=-,partial=-,quotient=-,src=legacy,dA=128,sec=Linf]/L2[chunks=1@0,eor=688,in=1958400,out=540160;witness=ET,s=-,h=-,partial=-,quotient=-,src=legacy,dA=128,sec=Linf]/L3[chunks=1@0,eor=656,in=540160,out=228224;witness=ET,s=-,h=-,partial=-,quotient=-,src=legacy,dA=128,sec=Linf]/L4[chunks=1@0,eor=592,in=228224,out=111616;witness=ET,s=-,h=-,partial=-,quotient=-,src=legacy,dA=128,sec=L2]/L5[chunks=1@0,eor=560,in=111616,out=78848;witness=ET,s=-,h=-,partial=-,quotient=-,src=legacy,dA=128,sec=L2]/T[method=ET,src=legacy,eor=560,input=78848,dA=128,sec=L2]
fp32_onehot	final=14:1;precommitted=	235fdc37cb4e83e243a17cafde8597967ef2316443a2656dee73a57dc55cac8e	131072	65536	57961	4	dca369fd122b9bae103974afd47ca8a2f78c420d21aeb2abbc7f1f38ec35f691	L0[chunks=1@0,eor=464,in=16384,out=128256;witness=ET,s=-,h=-,partial=-,quotient=-,src=legacy,dA=512,sec=Linf]/L1[chunks=1@0,eor=560,in=128256,out=122752;witness=ET,s=-,h=-,partial=-,quotient=-,src=legacy,dA=128,sec=Linf]/L2[chunks=1@0,eor=560,in=122752,out=98048;witness=ET,s=-,h=-,partial=-,quotient=-,src=legacy,dA=128,sec=Linf]/T[method=ET,src=legacy,eor=560,input=98048,dA=128,sec=L2]
fp32_onehot	final=16:1;precommitted=	619d5acd56307a5aff5911635e36969a167028482b33cc55f9f90598a55554be	114688	131072	58509	4	4bba501ca4a774323b69688efae4d6a2aa40c05bf911c9337aac6a3caa6a557f	L0[chunks=1@0,eor=528,in=65536,out=127744;witness=ET,s=-,h=-,partial=-,quotient=-,src=legacy,dA=256,sec=Linf]/L1[chunks=1@0,eor=560,in=127744,out=127488;witness=ET,s=-,h=-,partial=-,quotient=-,src=legacy,dA=256,sec=Linf]/L2[chunks=1@0,eor=560,in=127488,out=100864;witness=ET,s=-,h=-,partial=-,quotient=-,src=legacy,dA=128,sec=Linf]/T[method=ET,src=legacy,eor=560,input=100864,dA=128,sec=L2]
fp32_onehot	final=16:2;precommitted=	1d3119b577401489425a46a52a8368829ffee0287db544156fcb790c4c1190e1	131072	131072	58105	4	9865b75600f8b6b5815b584482d36a0217ba58a764349ecb0db7cbb61936290f	L0[chunks=1@0,eor=608,in=65536,out=126080;witness=ET,s=-,h=-,partial=-,quotient=-,src=legacy,dA=128,sec=Linf]/L1[chunks=1@0,eor=560,in=126080,out=122752;witness=ET,s=-,h=-,partial=-,quotient=-,src=legacy,dA=128,sec=Linf]/L2[chunks=1@0,eor=560,in=122752,out=98048;witness=ET,s=-,h=-,partial=-,quotient=-,src=legacy,dA=128,sec=Linf]/T[method=ET,src=legacy,eor=560,input=98048,dA=128,sec=L2]
fp32_onehot	final=20:1;precommitted=	7e615f063166da9e18d6e9eacc305f7128e85099f64b8b48278e935e02e876fe	229376	262144	62023	5	0135f94e9911394ba633e0d3750a5c8e8492eae7233ac1ed39a0d975be86a496	L0[chunks=1@0,eor=656,in=1048576,out=350976;witness=ET,s=-,h=-,partial=-,quotient=-,src=legacy,dA=256,sec=Linf]/L1[chunks=1@0,eor=624,in=350976,out=261888;witness=ET,s=-,h=-,partial=-,quotient=-,src=legacy,dA=256,sec=Linf]/L2[chunks=1@0,eor=592,in=261888,out=216960;witness=ET,s=-,h=-,partial=-,quotient=-,src=legacy,dA=128,sec=Linf]/L3[chunks=1@0,eor=592,in=216960,out=112128;witness=ET,s=-,h=-,partial=-,quotient=-,src=legacy,dA=128,sec=L2]/T[method=ET,src=legacy,eor=560,input=112128,dA=128,sec=L2]
fp32_onehot	final=20:1;precommitted=14:1	0888ba871de1a9630842584143a81ddf542c5a9729027d309665301d4436a470	229376	262144	64140	5	611ba9afd2d0469803a17d03c9f3684d908dd1e35ba776e32c0d58a81e90ed1c	L0[chunks=1@0,eor=736,in=1048576,out=470528;witness=ET,s=-,h=-,partial=-,quotient=-,src=legacy,dA=256,sec=Linf]/L1[chunks=1@0,eor=624,in=470528,out=288256;witness=ET,s=-,h=-,partial=-,quotient=-,src=legacy,dA=256,sec=Linf]/L2[chunks=1@0,eor=624,in=288256,out=162688;witness=ET,s=-,h=-,partial=-,quotient=-,src=legacy,dA=128,sec=Linf]/L3[chunks=1@0,eor=592,in=162688,out=94592;witness=ET,s=-,h=-,partial=-,quotient=-,src=legacy,dA=64,sec=L2]/T[method=ET,src=legacy,eor=560,input=94592,dA=64,sec=L2]
fp32_onehot	final=28:1;precommitted=	a46de3bb37f42fa48a71b95f2322aad4c4e9c8626b40c631cd6537cb251072a1	2097152	2097152	69940	7	e325c5f8892154d852a5d25f870bdf3da5394403fd3062bcfa87625c9b0d1050	L0[chunks=1@0,eor=912,in=268435456,out=7527424;witness=ET,s=-,h=-,partial=-,quotient=-,src=legacy,dA=512,sec=Linf]/L1[chunks=1@0,eor=752,in=7527424,out=1394432;witness=ET,s=-,h=-,partial=-,quotient=-,src=legacy,dA=256,sec=Linf]/L2[chunks=1@0,eor=688,in=1394432,out=458240;witness=ET,s=-,h=-,partial=-,quotient=-,src=legacy,dA=128,sec=Linf]/L3[chunks=1@0,eor=624,in=458240,out=213888;witness=ET,s=-,h=-,partial=-,quotient=-,src=legacy,dA=128,sec=Linf]/L4[chunks=1@0,eor=592,in=213888,out=111616;witness=ET,s=-,h=-,partial=-,quotient=-,src=legacy,dA=128,sec=L2]/L5[chunks=1@0,eor=560,in=111616,out=78848;witness=ET,s=-,h=-,partial=-,quotient=-,src=legacy,dA=128,sec=L2]/T[method=ET,src=legacy,eor=560,input=78848,dA=128,sec=L2]
fp32_onehot	final=30:1;precommitted=	0661c6ea7796b195873f4f0afc34e1f8ab8b773648907a24b0f5110247bb10d2	4194304	4194304	70324	7	0c86dcbbad48ed802e4c24fe188113d9c639061584ad8d557a288ba5f48d626e	L0[chunks=1@0,eor=976,in=1073741824,out=14998528;witness=ET,s=-,h=-,partial=-,quotient=-,src=legacy,dA=512,sec=Linf]/L1[chunks=1@0,eor=784,in=14998528,out=2073856;witness=ET,s=-,h=-,partial=-,quotient=-,src=legacy,dA=256,sec=Linf]/L2[chunks=1@0,eor=688,in=2073856,out=560640;witness=ET,s=-,h=-,partial=-,quotient=-,src=legacy,dA=128,sec=Linf]/L3[chunks=1@0,eor=656,in=560640,out=228224;witness=ET,s=-,h=-,partial=-,quotient=-,src=legacy,dA=128,sec=Linf]/L4[chunks=1@0,eor=592,in=228224,out=111616;witness=ET,s=-,h=-,partial=-,quotient=-,src=legacy,dA=128,sec=L2]/L5[chunks=1@0,eor=560,in=111616,out=78848;witness=ET,s=-,h=-,partial=-,quotient=-,src=legacy,dA=128,sec=L2]/T[method=ET,src=legacy,eor=560,input=78848,dA=128,sec=L2]
